X,Y,Name,
-8.414993,31.381756,TALAMANZOU
-8.322708,31.409685,DAR CHAAB
-8.443502,31.223334,ZAOUIAT SIDI BOUATHMANE
-8.333363,31.390538,DAR LMOUKHTAR
-8.312729,31.362902,LAGIDA SFASAF
-8.396401,31.39644,TIQLITE
-8.381878,31.333913,LAMRAMDA ZAOUIAT
-8.390946,31.349072,TAGOUMATE
-8.480628,31.463263,ADOUIFIR LHAZYA
-8.883397,31.077586,TISSAKHTE
-8.870962,31.122022,TIJJATE
-8.587498,31.378612,AIT SI BRAHIM
-8.472213,31.499165,ALIWA
-8.882386,31.03555,TIJDINE
-8.887159,31.04005,IMASKARE
-8.855979,31.046741,BIOUGRA
-8.845219,31.053854,AIT OUAKRIM
-8.852548,31.072739,EL KATTAJARTE
-8.683342,31.045354,TAMAZGOURTE
-8.663368,31.044548,TAGNITE
-8.546787,31.254357,ZAOUIAT EL FANSA
-8.674427,31.354986,OULAD ZAOUIA LKHORICHI
-8.670453,31.366434,MOUL EL AAOUD
-8.680493,31.339222,AZIB BEN CHIGUER
-8.647957,31.37694,LABABSA
-8.898067,31.003851,AFELLA IZDATEN
-8.851691,31.1032,TAGADIRT NBAAOUNE
-8.875976,31.093669,TIGMATINE
-8.873595,31.07831,AOUSSIR
-8.856876,31.084505,AGHELLA
-8.837159,31.122395,TIMADOUINE
-8.883069,31.100868,OTFANE
-8.900965,31.143297,TIWLI
-8.89415,31.121962,AGHBALOU
-8.904215,31.133173,AIT BEN AHMAD
-8.744566,30.94663,TASSA
-8.734499,30.932388,AFANSOU
-8.683485,30.949915,TINAGRAT
-8.714343,30.942494,AIT BAHAMMOU
-8.821122,31.03067,TAGENZA IGOUNTAR
-8.827841,31.036761,TANAMARTE
-8.726183,31.126557,TABYA
-8.700192,31.098414,TAGADIRTE
-8.700139,31.081963,ZINIT LALLA AAZIZA
-8.65498,31.060314,TAMTDJIT
-8.705425,31.1071,TABRADJOTE
-8.715458,31.037037,OUAN CHKRIR
-8.767157,31.038807,"AIT M""HAMED"
-8.734053,31.136125,IGAREN SOUK
-8.860551,31.238675,ARATAL HAMMOU
-8.863679,31.249405,ARATAL AIT BIHI
-8.851072,31.206519,AIT ABDELLAH
-8.848859,31.198029,AIT YAHYA
-8.740933,31.068226,MAGHDIR
-8.838407,31.271999,TASBAIT
-8.793525,31.221457,TAQANNORT
-8.780808,31.120087,AGADIR
-8.756636,31.152895,TIBOURIYINE
-8.816023,31.168793,TIZI WARKIOUINE
-8.781923,31.158038,AGAWZE
-8.80275,31.03479,WANZIDE
-8.806077,31.080614,TAGADDOTE
-8.814069,31.070805,TAGADIRTE
-8.765461,31.084502,TALBORJTE
-8.492044,31.118924,MAJDID
-8.49842,31.109558,ADASSIL
-8.428506,31.117968,AGADIR
-8.49426,31.161365,KARNI
-8.420847,31.126501,IMINIGHZAR
-8.484682,31.112833,IWNARNE (SOUK)
-8.451207,31.226292,IMINWASSIF
-8.468655,31.186134,TASKOURTE
-8.468071,31.198827,IMIGHZER
-8.45639,31.199246,ANABDOUR
-8.432764,31.158758,IGHRMANE
-8.430262,31.25261,TIGRAR
-8.416818,31.22738,TADARTE
-8.457941,31.212129,TIMLILTE
-8.447717,31.220503,ZILAWTE
-8.728612,31.211375,OULGHASSE
-8.777008,31.211668,AIT ALI IZANE
-8.689196,31.188704,MSAFOUR
-8.717466,31.208373,BARHICH
-8.759331,31.224073,TAGANTANE
-8.770801,31.262735,TAZDIMT IFRANE
-8.803428,31.262133,AIT DAALI
-8.777812,31.258753,AGADIR IRIJDALENE
-8.672814,31.147847,LAMSID
-8.65823,31.166254,TAMAZIRT
-8.733249,31.268604,TALAQBORNE
-8.725015,31.260863,IDAZZANE
-8.724409,31.274123,TAZDDIMTE AIT RAISS
-8.730837,31.233513,ZNADA
-8.29717,31.381019,AHL CHALGOUM
-8.319811,31.349273,LAGIDA DABOUZ
-8.31129,31.393785,SIDI RAYCH
-8.314639,31.381125,BEN SWINA
-8.320777,31.39423,LAHRACH
-8.323877,31.399252,BOUMAN QAR
-8.273851,31.370209,LAGIDA AHL BRIHMAT
-8.429543,31.447727,AZIB AIT SI HAMMOU
-8.429704,31.456088,AZIB LHASSYA
-8.446468,31.441558,AZIB BOULAROUG
-8.5301,31.013251,IGHRAME
-8.524576,31.010451,TAGOUMATE
-8.524221,31.006409,ALLOUSSE
-8.495226,30.992182,ANSSA
-8.533996,31.002855,AIT KATTOF
-8.500381,31.077603,TARGUA
-8.497438,31.070084,AIT ALI
-8.489708,31.058982,TIKSITE
-8.485371,31.018833,TAMESSOULTE
-8.582985,31.007008,ARG
-8.607848,31.007173,TINDRI
-8.554457,31.044436,IGARNTIQURI
-8.575413,31.011949,IMIN IGHZARN AISSA
-8.492114,31.313274,LOUALIJA
-8.51891,31.355369,AIT AALOUACHE
-8.625557,30.973715,ISSOU QAN
-8.532431,31.364309,AIT BRAHIM
-8.498732,31.424355,SBAYTE
-8.506587,31.405448,AIT BELLA
-8.494497,31.397795,LAHRARCHA
-8.529584,31.393195,AIT HAMANE
-8.501841,31.493356,LAMAAYACHA
-8.47193,31.447519,BOULAAROUG
-8.591197,31.360394,BEN DOUKKALI
-8.585096,31.458345,FILALA
-8.584999,31.473988,ZKARA LIBEL
-8.588644,31.27006,LAGHRIBI
-8.580977,31.249773,LAMADIR
-8.622379,31.319785,AIT HASSAYNE
-8.567333,31.234019,TAGHKIWINE
-8.554183,31.221453,AIT ABDELLAH
-8.567695,31.226585,AGADIR ASLWANE
-8.550232,31.243394,ONGASTE
-8.540922,31.235146,EL BARI
-8.54782,31.248933,LHOUCH
-8.566999,31.24535,TIHANNAOUINE LAJBAH
-8.579349,31.283207,AIT MHAND
-8.514504,31.253131,TAHTE DRAA
-8.51944,31.255662,AIT WARHMANE
-8.52343,31.232708,TACHKAKCHTE
-8.520328,31.224576,TIGANGMINE
-8.469405,31.236872,ZAOUIAT SIDI BRAHIM LAMZOUDI
-8.47294,31.275577,SAKIAT SOLTANE
-8.470341,31.239303,TAGADIRT IGAZAR
-8.485418,31.236459,AIT BOU YOUSSEF
-8.680838,31.221535,AIT NIFI
-8.471873,31.285487,SAHB AIT ALI OU HAMMOU
-8.50419,31.289776,IKFAYANE
-8.47197,31.261205,AWRIR
-8.684081,31.195356,TIGHAZRATINE
-8.65008,31.211968,TNID
-8.678342,31.241868,IRIQ TAHTANI
-8.650509,31.240864,AIT MELLOUL
-8.650363,31.204697,AGADIR IRAGAGENE
-8.635452,31.195739,BOUJARATE
-8.634055,31.188101,IZAGHRI
-8.667219,31.188158,KATTOUSSE
-8.599421,31.295554,TIHOUNA IMZILEN
-8.588406,31.231832,TAMAZIRT
-8.585042,31.198684,IDOUGHASS
-8.644022,31.237725,ANAZDI
-8.598884,31.233116,"IGUERNA""LLA"
-8.621384,31.214587,TOUKHRIBINE
-8.604636,31.225514,TAOURIRTE
-8.610508,31.220294,AIT ELAIN
-8.635297,31.248947,LAMKIMENE
-8.595126,31.290993,LQARQBA
-8.590697,31.231345,AIT NACER
-8.59286,31.224645,AZILAL
-8.750326,31.303097,SEHB LAATROUSSE
-8.810418,31.254185,OULAD ABDELMALEK
-8.777969,31.29253,LAKHLALTA OULAD BOUBKER
-8.741795,31.35223,OULAD ZIR
-8.828207,31.277369,OULAD SIDI EL KELAA
-8.560898,30.994301,TAGHRATE
-8.477432,31.049049,TAMAGOUNSI
-8.481482,31.086249,TIZGUI
-8.540242,31.043392,ANZELFI
-8.473224,30.992339,AMESLOH
-8.467124,31.010329,TADDARATE
-8.476315,31.106098,TIGNARINE
-8.498189,31.156834,TIL IWA
-8.486583,31.17519,ZAOUIAT ILAMTI
-8.532523,31.068424,TAWNGHASTE
-8.4877,31.166708,IMINRKHA
-8.859564,31.223062,ARATAL BOUCHTA
-8.852167,31.212005,AIT IMACHKOUK
-8.850055,31.215003,BYOUGRA
-8.789249,31.038143,AWOULA
-8.77995,31.126099,AWINASSE
-8.78219,31.116206,IGHILANE
-8.793896,31.15837,TALAT OUQYAR
-8.772901,31.240363,AGADIR MHAND OU MANSOUR
-8.768612,31.228592,TIGHAMI LAJDID
-8.700743,31.177127,MAIDJATE
-8.779127,31.240959,LAAGABE
-8.601452,31.281055,LAHRACH
-8.59523,31.289085,MRABTINE
-8.580596,31.203047,AIT CHARAF
-8.625409,31.170736,AMASSINE
-8.591213,31.227883,BIRBBOU
-8.507392,31.2531,BOUZOUGA
-8.482765,31.293346,DAHRA
-8.621835,31.20669,TLAGONS
-8.643337,31.213441,TABIA
-8.564201,31.243824,IGAZDARENE
-8.514422,31.326453,IZERRABOQ
-8.556617,31.241306,ASGAWERE
-8.559738,31.224301,ASLOUNE
-8.573469,31.205556,WIDALENE
-8.543108,31.196953,TIMICHCHI
-8.494655,31.236504,TITE
-8.526302,31.245064,TIZI
-8.075122,31.419564,OUMNASS
-8.350167,30.990164,AGADIR NIMARGHSEN
-8.383358,30.998865,AGHALLA
-8.393144,30.990818,TAZGZAOUTE
-8.364594,30.991063,TAWRIRTE
-8.163841,31.000047,IMI NOUGARZI
-8.15102,30.982256,INA FGANE
-8.161033,30.978843,TASGA NWARG
-8.244404,30.956334,TASSOUAKTE
-8.242788,30.940167,AGHBALOU
-8.256108,30.941723,TIGAMMA NIGRANE
-8.210658,30.959346,AGOURGUINE
-8.187807,30.987605,TARWATE
-8.269318,30.908177,ARG
-8.424368,30.897897,WIZAMMARNE
-8.435444,30.917136,ADOUZ
-8.350451,30.90537,ASSOUL
-8.489813,30.895106,AGADIR NIJANATEN
-8.07858,30.977688,IGHIR
-8.097197,31.013738,TAJGALTE
-8.037254,30.998831,TIKENTAFINE
-8.084257,30.943792,MAJOU
-8.091331,30.956233,TINFITE
-8.139897,31.063167,TOUG EL KHIR
-8.129143,31.073432,TIGOURRAMINE
-8.184767,31.092711,WASSANTOTE
-8.021553,30.995046,AIT AYOUBE
-8.064862,31.126655,AZAGHAR NADWAQ
-8.03947,31.073246,TEZ GUI
-8.000638,31.284499,TOYOLI KIKE
-8.182049,31.133215,AGARDE
-8.144488,31.113595,TINISKTE
-8.313204,31.269992,BOUESSYL
-8.049866,31.334461,OUAOUERGE
-8.006658,31.336084,IGUER NOUM'ADE
-7.9939,31.286918,IMKOUIZA
-8.311655,31.241721,LMAHI
-8.301701,31.247632,AIT WASMIH
-8.308374,31.220249,TIFADDINE
-8.290067,31.25226,AIT WAZARNE
-8.244681,31.182102,SLAMT
-8.261226,31.161819,TOUGUE EL KHEIR
-8.241004,31.203739,TIZI GHOURANE
-8.223183,31.196605,TAFAGAGHT
-8.27,31.091007,ASSOUL
-8.259964,31.131632,IMZAINE
-7.975984,31.134221,IDAISSA
-7.980293,31.142647,TADDARTE
-8.362402,31.253608,TAGUENZERTE
-8.352453,31.265491,BOUIBITASS
-8.379009,31.229079,AGADIR ICHAWLIDENE
-8.341395,31.234236,AGADIR BARAGHA
-8.17237,31.207532,AGUER SOUAK
-8.203325,31.196146,AMZZI
-8.259619,31.269605,AIT CHKI
-8.25695,31.276197,AGADIR SFIH
-8.174888,31.223193,WAMAST
-8.121179,31.211918,ANZAD
-8.150344,31.204374,AIT HSSAINE
-8.09841,31.354226,OUKHRIBNE
-8.076194,31.296363,ZZI
-8.080937,31.250409,AGADIR IZNAGUENE
-8.07083,31.245908,TADCHARTE
-8.181126,31.357438,CHOUIRIJE
-8.137451,31.431729,BEN SALEM
-8.139918,31.258276,AIT SAID
-8.092441,31.294004,TIFARWINE
-8.065914,31.414922,TAGADIRTE EL QADI
-8.003829,31.322674,TAGDOUATE EL FOUKANIA
-7.996342,31.280722,TOYOLI OU BAKI
-8.024706,31.286274,TADARTE KIKE
-8.037201,31.283529,AMSSINE KIKE
-8.031583,31.353071,TAZROUT
-8.023665,31.361987,AGHBALOU
-7.99115,31.34595,AGADIR SIDI YAHYA
-7.993482,31.339203,IKARDE EL MASSE
-8.048454,31.337873,TIGHIRT
-8.043785,31.339076,TABOUJGANA
-8.040997,31.349574,ID BOUYAHIA
-8.022377,31.331381,ALLOUARG
-8.205478,30.955701,AGNI
-8.212681,30.954833,TOUZZONTANE
-8.221022,30.938722,AGHBARANE
-8.157011,30.97629,ALLA NOUMARZI
-8.185663,30.982636,TALAT NYAKOUB
-8.184626,30.990834,AMAGDOULE
-8.196785,30.987164,DOU GOUJ
-8.16777,30.994623,AZROY N'SOUK
-8.253276,30.977322,ADRAG
-8.244373,30.971236,ANABDOUR
-8.24372,30.968546,MZOUZITE
-8.195703,30.992223,AIT BARRIHI
-8.286211,30.925607,ASSOULE
-8.311715,30.93708,AMSSED
-8.353428,30.941573,TIFNI
-8.305301,30.906329,IFAZDADNE
-8.062764,31.15852,TAKHAFSATE
-8.255226,30.948976,IGHIL
-8.265143,30.946502,AZAL
-8.222107,30.949488,AIT BOUJMAA
-7.980911,31.139967,TAHLIWINE
-7.985305,31.138909,TIZI YANE
-7.973023,31.11902,TIZI OUSSAME
-7.977688,31.137181,AGUINANE
-8.061916,31.089446,TARGA
-8.006986,31.191662,TINZARTE
-8.065913,31.17223,ANRAZE
-8.056884,31.167818,TOUROURTE
-8.093922,31.131352,AMASGUINE
-8.102468,31.156032,TAGADIRTE EL BOOR
-8.119663,31.123004,IMAGDAL
-8.075989,31.092895,TAWITE
-8.187585,31.132012,TIZIRTE
-8.203486,31.138926,AIT HSSAYNE
-8.067655,31.064674,AMASLANE
-8.051494,31.120226,ASSIF ZAGZAWNE
-8.118559,30.967653,TAGHBARTE
-8.065185,30.928631,TIGDIDE NIZDARENE
-8.046483,30.927976,TAGHZIRTE
-8.150941,30.991265,IJOKAKE
-8.04045,30.992512,AKRDA
-8.046572,30.989071,AIT MOUSSA
-8.061441,30.991273,TIGHARGHISTE
-8.131648,30.972068,DAR EL AASKAR
-8.109855,31.025758,TASAMOUTE
-8.123882,31.023406,ALANOU MAZGHNI
-8.004133,31.004739,INKZDAME
-8.03275,30.993152,ATKI
-8.316697,30.976222,TADAFALTE
-8.311879,30.974856,TAGADIRTE
-8.280901,30.964174,TAOURIRTE NAIT SALAH
-8.259267,30.970956,TASSILA
-8.342659,30.99408,TIMSLAH
-8.330308,30.994474,GHASSAT
-8.30907,30.996356,TIZI TIGARTE
-8.300418,30.991747,OUDDIF
-7.908825,31.223119,TISSILI
-8.412702,30.984738,ARGUE
-8.399933,30.979988,WAWDID
-7.91669,31.126237,ARAMD
-7.909981,31.140965,AIT SOUKA
-7.926283,31.136985,MEZZIKENE
-7.925307,31.160414,AGUERSIOUAL
-7.938914,31.204923,IMSKAR
-7.946955,31.178213,OUAOUSSAFL
-7.946978,31.189741,TINITINE
-7.921946,31.137235,IMLIL
-7.978107,31.228796,DR ASNI (QDIM)
-7.986995,31.239028,TAMGOUNSI
-7.957523,31.196447,TAGADIRTE NAIT ALI
-7.955712,31.19221,IMI OU GHLAD
-8.442034,30.91373,ZRIJT
-8.424167,30.911955,IGG
-8.3943,30.92667,IKIS
-8.398263,30.910796,TANAMMARE
-8.333247,31.277115,IMI-N- CHAABTE
-8.328674,31.245023,DAMRATE
-8.302759,31.299576,TWIBYA
-8.313207,31.305118,LASHAB
-8.303546,31.203632,TAGADIRTE
-8.312455,31.204381,TIALITE
-8.310356,31.231343,AIT BOUHADDOU
-8.303242,31.229495,LMOUNJLI
-8.32474,31.233703,AIT WAGANNA
-8.314993,31.242226,TIGRAR OU ZADDAR
-8.32382,31.264499,TABOUABDALLITE
-8.310663,31.245736,AWOUDIDE
-8.216772,31.290563,IGOUDAR
-8.256095,31.266381,ZAOUIA
-8.237645,31.269978,LAKHMISSE
-8.234875,31.262446,LAMHAMID
-8.16078,31.290252,AIT AMARA ELOUED
-8.269191,31.244034,TAZEFRIT
-8.266884,31.247207,AIT DIB
-8.281072,31.254024,JNANE HEMAR RASS
-8.359608,31.357645,OULAD HASSONE
-8.374033,31.365037,EL MRIJA
-8.27021,31.264921,LAAOUINA
-8.371942,31.373422,AIT ALLAL
-8.263862,31.267702,AIT BOUHAMED
-8.265707,31.277377,LAASSAKRA
-8.295218,31.340121,GOUJGAL
-8.349752,31.349887,OULAD DIB
-8.049215,31.272659,TADROKHTE
-8.0561,31.254824,AGDOUR KIK
-8.022766,31.241795,TIZI WADO
-8.075656,31.260552,OUARIALTE
-8.089421,31.291753,FRASS
-8.082302,31.289695,BOUTOUR
-8.084168,31.299193,TAMZZARTE
-8.066144,31.303526,TIGZITE
-8.140305,31.308542,TALAT INOUAL
-8.141924,31.284909,IJAWANE
-8.136876,31.26902,LARJAME
-8.137549,31.26359,AIT BOUALI
-8.370435,31.276336,HAMOUCH
-8.392698,31.221906,TIRKHASTE
-8.37865,31.282062,AZIB ICHAWLIDENE
-8.371667,31.290663,AZIB DOU-OUZROU
-8.394985,31.255873,ADDAR AIT ALI
-8.382404,31.242096,IWRAGHANE
-8.343646,31.283511,TIFRATINE
-8.348548,31.231188,AIT SMILE
-8.390707,31.254362,DAR LJAMAA
-8.378295,31.242869,AGADIR NAIT BRAHIM
-8.410916,31.296912,ASSAKWI
-8.389153,31.238678,BOUKHALF
-8.361244,31.109757,AIT IHLA
-8.356686,31.107148,TLATE
-8.315937,31.119117,ANARNI
-8.313582,31.140664,AZGOUR
-8.276432,31.117757,TILFITINE
-8.268556,31.101501,TALAT NWARGUE
-8.251925,31.086708,OURMARE
-8.271357,31.086307,TIZI OUSSOUL
-8.257939,31.146681,INFAGUE
-8.264666,31.136488,AYNAGHDE
-8.256293,31.142134,DOU ANAMAR
-8.265746,31.126005,ADOUZE
-8.276808,31.215983,AZROU WADAKER
-8.218957,31.244486,TIGUENZIWINE
-8.253311,31.209218,TALAT N'YAHIA
-8.247493,31.236141,TALILITE
-8.187723,31.175402,AIT IRGHIT
-8.175801,31.182945,TIZGUI
-8.179227,31.201179,AFLLA IGHIL
-8.170361,31.217463,AIT ZITOUN
-8.167801,31.222991,AIT BOUZID
-8.193572,31.239759,TIGDALT
-8.191434,31.194286,ZAOUIT
-8.209096,31.214257,IZALAGHEN
-8.138076,31.451178,EL QUACHLA
-8.766845,30.750823,TAMSOULT
-8.762417,30.773674,AGUERD
-8.759722,30.797939,TAGANTOURTE
-8.754953,30.742794,IMOULASS
-8.753901,30.779437,AMECHTAKATE
-8.722723,30.763397,TIKFELT
-8.694124,30.788259,IKHOUDAMNE
-8.046183,30.860234,IBARZIZANE
-7.976194,30.862247,TANMAGUELTE
-7.95389,30.842055,TIZGUI NOUKHOUCHE
-8.02754,30.864053,AFELLA NOUZEGROUZE
-8.007777,30.859338,TANDILTE
-7.921892,30.876497,AIT MAADE
-7.920754,30.884499,TIFKILTE
-7.932746,30.902215,IGHEBLI
-7.945344,30.907094,TIZGUI NIBARAGHNE
-7.948316,30.921062,TAGADIRTE AIT WAHI
-7.959338,30.951097,IMOULDIGHENE
-7.945948,30.972828,ZAOUTE
-7.942926,30.966977,TAMSOULT
-7.937111,30.974079,TASSOUANTE
-7.932657,30.972052,TARGA
-7.923326,30.982407,WAWARG
-7.888758,30.952742,IKISS
-7.904834,30.991225,ANMITERE
-8.818768,30.944756,BARKOUSSE
-8.8438,30.931675,IKACHANEN
-8.836682,30.950862,AGOUJGALE
-8.831515,30.900618,TANOUTE
-8.816213,30.904704,TANOUZAKTE
-8.785256,30.87195,ANNOUMSSE
-8.772293,30.874702,TAZIRTE
-8.828475,30.868163,AKHFERGA
-8.802327,30.872897,TAGUENZA
-8.845767,30.85244,KORMATE
-8.845608,30.86171,AMDROUSS
-8.394038,30.840626,IKHFUSS
-8.399185,30.837683,ALAGOU
-8.416805,30.8556,MAGAT
-8.420602,30.837773,IFGHI
-8.327708,30.850363,AIT IBOURK
-8.329643,30.845112,TAKALIT
-8.47146,30.849606,TIZIRTNOUDBDI
-8.483847,30.835022,IGHILAN ADBDI
-8.450197,30.822635,TIRKNIT
-8.438338,30.80709,AIT MERHOUCH
-8.442221,30.819194,ARMD
-8.421309,30.800682,TALBOURINE
-8.424654,30.8032,AGUERSAFN
-8.052989,30.754089,IDOKKALANE
-8.07129,30.785191,TAMDNESTE
-8.041833,30.776339,AMSGUERTE
-8.085698,30.789924,ISLI
-8.08234,30.739585,TAGANTE
-8.075949,30.763283,AMEZNASSE
-8.086405,30.782915,TALEMSSAOUTE
-8.139158,30.720756,TAKHOUCHTE
-8.072825,30.714231,IGUIRNOUDAR
-8.0652,30.713792,TOUG ELKHIR
-8.157818,30.71146,TIGHANIMINE
-8.159652,30.732016,KOULATE
-8.138577,30.778762,TANFFETE
-8.141234,30.782373,TAWRIRT NIGUIDI
-8.139933,30.773706,TAZOGGARTE
-8.098777,30.734849,TINFIL
-8.104642,30.738593,AGNI NIGHEL
-8.420988,30.620164,AL MJARDINE
-8.42015,30.629913,ZAOUIAT EL KADIRIA
-8.401844,30.626051,IMNACH
-8.415021,30.618938,"TAGADIRT N""AIT CHEIKH BRAHIM"
-8.335755,30.648645,TINNIGT
-8.394905,30.613449,AIT BAMAR
-8.378186,30.63788,TACHADIRTE
-8.361594,30.636401,TAZOUKANIT
-8.35474,30.639684,AIN OUGAYDA
-8.583368,30.797586,AGUERD OURIGH
-8.584019,30.793266,TIGHINMIMT
-8.595383,30.7911,TIZA-YRHE
-8.578571,30.822928,AL KHOUMS
-8.582267,30.846144,AMANDAR
-8.569436,30.865613,TALMODAT
-8.554155,30.868735,AMGUERNIS
-8.553546,30.864393,TITBIRINE
-8.608603,30.848287,TAMSOULT
-8.628602,30.827803,IHERFACH
-8.626531,30.858574,TISSALE
-8.626486,30.84607,IRHIL
-8.624127,30.775421,IGUIANE
-8.620542,30.772636,TAKHAZNIT
-8.603671,30.778256,TAKOUCHT
-8.588845,30.777083,OUZIGHIMT
-8.642763,30.748725,IGHAZRA
-8.595165,30.752644,TIRAZAT
-8.619283,30.750303,IMINTFARKI
-8.636859,30.746919,IFASFASS
-8.548892,30.708838,TAGOUNSSIM
-8.549361,30.700288,ZAOUIAT BOU INCHIBIKENE
-8.536974,30.698775,SINS
-8.542106,30.7222,INDARMASS
-8.54166,30.736396,"IGUER N""OUFELLA"
-8.521925,30.751888,BOUZOUGGAR
-8.513504,30.751804,TANZINRIT
-8.50825,30.787457,ABOUZIANE
-8.515453,30.754803,BOUYAKHFAOUN
-8.513156,30.817948,TIZKI
-8.515305,30.786049,AFZA
-8.48354,30.782276,"AGADIR OU M""ZIL"
-8.486973,30.785693,AZROU TAOUINAKHT
-8.462254,30.756307,AIN AGOURAM
-8.476549,30.755867,TAWRIRT ACHBAROU
-8.437027,30.745973,ZAOUIAT LOUSSTA
-8.430661,30.750486,"TAGADIRT N""TARGA"
-8.443916,30.767328,AIT YOUSSEF
-8.337156,30.835761,IDAGHASSANE
-8.343039,30.810572,AIT OUABDI
-8.344261,30.82714,AMSKRAR
-8.366903,30.804805,MSSOUNA
-8.374075,30.771832,TOUKHRIBINE
-8.370902,30.768238,AIT HAMMOU
-8.372128,30.765716,AIT ADDI
-8.384352,30.763158,MARKAZ TAFINGOULT
-8.285992,30.747778,"AOURIR N""IRK"
-8.282662,30.754015,TIFTIT
-8.254105,30.758393,AGDOUR
-8.268862,30.75611,AIT SLIMANE
-8.280465,30.839798,TAKHFAKHT
-8.281171,30.85859,AMGDOUL
-8.306346,30.817517,TIZIRT HAGUIRA
-8.305393,30.82245,AIT HADDOU
-8.302549,30.819776,TIOULI
-8.296354,30.81804,TAGOUDACHTE
-8.310625,30.764454,ALMDAD
-8.302995,30.791449,TAMIJARCHT
-8.318155,30.774272,AMGHAZ
-8.338004,30.765752,AMANE N-OULILI
-8.307994,30.714343,AIT YOUSS
-8.304507,30.714871,ICHCHOUKHRA
-8.308667,30.71156,START N-TOULOUA
-8.32138,30.721845,AIT HMID
-8.301174,30.715708,AIT ALI
-8.315317,30.711668,TARGANT
-8.326781,30.739066,AIT YOUSSAYH
-8.297211,30.738858,SIDI BOUNAGUA
-8.33201,30.732074,TOUCHAA
-8.336513,30.709929,TAWRAKT
-8.332701,30.71794,AIT HAMMOU
-8.3122,30.693037,AGADIR YATINE
-8.356078,30.716708,IGORGAR
-8.334864,30.691203,TAGHZRIFT
-8.316422,30.684193,AGADIR OUARAB
-8.345191,30.671399,AIT WACHAOU
-8.308142,30.688461,AIT ALI OU HAMMOU
-8.666212,30.852458,AWSAGHMELT
-8.666337,30.832517,AIT AMER
-8.659039,30.838134,AMAGHLOU
-8.660466,30.830026,TAGMOUTE
-8.695868,30.82716,ANNEZIGH
-8.701718,30.82938,IMGHIR
-8.705953,30.830898,OUAGHARDA
-8.689518,30.818638,IMLIL
-8.665664,30.809472,FALGHOUSS
-8.661604,30.811515,TAZOUDOUTE
-8.681576,30.806556,TAMAKADOUTE
-8.676483,30.803276,ALAGJANE
-8.672452,30.770508,TACHKNINE
-8.670094,30.76592,TIGANZIOUINE
-8.678596,30.772728,AMZAOUROU
-8.682328,30.752255,TASQUINT
-8.027112,30.794697,TALAT NIKTE
-7.989343,30.804183,TAWRIRTE
-8.025995,30.790292,OUKHRIBANE
-7.967865,30.802275,AGHBARE
-7.992067,30.779646,AZROU
-8.021876,30.76433,TILMENGHITE
-8.013031,30.753068,AGHALLA
-8.066247,30.897933,AGADIRANE
-8.098827,30.876627,TAZODA
-8.095824,30.88037,ACHDIRT
-8.190685,30.780241,AGHILAS
-8.181911,30.776172,CABWAR RWIN
-8.151985,30.856837,TANAJMCHT
-8.184101,30.861926,ADOUZ
-8.257917,30.844339,AIT YAHIA
-8.23963,30.812615,AMMADDANS
-8.235714,30.817493,SDIW
-8.109987,30.864395,AIT TACHRIFT
-8.118335,30.867048,TAWARDA
-8.156514,30.908893,TAMADGHOUST
-8.132746,30.860205,IZAMRANE
-8.14061,30.880043,TIZQUI
-8.141251,30.902221,AIT YASSINE
-8.120652,30.869821,IKRAMNIWN
-8.150446,30.874049,AFOUYIGH
-8.10488,30.857982,TIZI OUNRARE
-8.11479,30.859987,TIMLILT
-8.095958,30.855849,TAKOUCHT
-8.197699,30.88737,AIT SAWAL
-8.218958,30.88172,TINSAMLAL
-8.20448,30.88464,ARGHANE
-8.199573,30.879438,TAGNIT
-8.204066,30.881867,TAWRIRT
-8.197588,30.839147,ANZI
-8.199771,30.798454,TADROUKHT
-8.176882,30.815329,TALIOUINE AIT EL MIMOUNE
-8.446284,30.682256,BUREAU DES EAUX ET FORETS
-8.433157,30.636772,"FERMAT ABLOUH HAJ M""BAREK"
-8.435559,30.616901,LAAOUINA
-8.443802,30.616372,MADIDA
-8.440194,30.657055,"OULAD M""BAREK"
-8.42643,30.677699,OULAD AMRANE
-8.400197,30.673067,ELMGHAFRA
-8.45194,30.698513,OULAD ZEKRI
-8.51435,30.628286,OULAD AMER BEN ALI
-8.257969,30.750816,TAGANDOUT
-8.216306,30.748432,IRK NOUFALLA
-8.178804,30.73443,OUAOUGADDIMT
-8.188295,30.704347,IGHFRI
-8.193822,30.736577,AIT IGUID
-8.236181,30.688993,ADMIM
-8.23232,30.688106,AIT DEMNAT
-8.235753,30.69334,ZAOUIATT ELFARFAR
-8.257606,30.6936,TIGHZA
-8.229115,30.699409,AGADIR NTAFOUKT
-8.256748,30.698916,TIGMINTALAKHT
-8.605556,30.669571,AIT BEN YOUSSEF
-8.606076,30.676475,AIT DAOUD
-8.526003,30.662949,IMIL LAKHNEG
-8.548695,30.680043,ARAZ
-8.630844,30.706114,BOUGADIR
-8.610513,30.707909,AZAENE
-8.649027,30.681253,"N""KHAIL"
-8.335787,30.62523,AIT EL HAJ
-8.209093,30.642659,AIT ABDELLAH
-8.26625,30.670202,AIT BELKASSEM
-8.261635,30.673379,MEJJOU
-8.259138,30.668564,AGADIR IMAJJAD
-8.272183,30.668331,DAR ID AMER
-8.275078,30.66469,WADIZ
-8.273056,30.659707,IKORKAR
-8.217905,30.682331,AGADIR NID HSSAINE
-8.207503,30.680861,AIT ATTASSIDA OU NTIFT
-8.229638,30.677724,"AIT M""BAREK"
-8.219928,30.677307,TLOUSSA
-8.193592,30.689891,IDMASSOUD
-8.149666,30.692962,TAGHZOUTE
-8.200652,30.665161,IGDAD
-8.182439,30.655549,AWRIR
-8.191139,30.676812,TARGANTE
-8.19042,30.686364,TAGADIRT N MOUSSA
-8.189456,30.689218,AMAGHLI
-8.173936,30.68169,AIT ATTASS
-8.180185,30.687041,TAZEMOURTE
-8.161762,30.690514,AGADIR NIBLAZ
-8.154563,30.67247,ANDA
-8.158659,30.68527,ISSARAGUENE
-8.152284,30.684662,TAMGOUT NOUAARABENE
-8.169664,30.677292,TAGADIRT
-7.950636,30.948963,TAYZELTE
-7.908416,30.964603,TIWTAGHRANE
-8.760197,30.784351,MEGDEL
-8.754057,30.759386,AL KHOMS
-8.204134,30.82338,TASGUINT
-7.919572,30.890783,TALA
-7.99986,30.852251,TAGOULITE
-8.194307,30.879948,ARBAN TAMTARGUA
-8.102384,30.857178,ANAMER
-8.126572,30.858775,TAMSOULT IGHANJAWN
-8.113336,30.864511,AIT HSAYN
-8.143399,30.863712,IGOUZOULNE
-8.21496,30.78991,ADAGGUI
-8.098452,30.721458,TLEMKAYA
-8.102622,30.737548,AGHOULID
-8.107169,30.743207,AOUZALENE
-8.158205,30.723501,ANEMLIL
-8.071039,30.75189,IDEGHSSENE
-8.097168,30.789348,INOUGHRANE
-8.003709,30.780066,TAGDICHTE
-8.269044,30.750611,AIT BAAZI
-8.326147,30.685388,AIT TAMALDOU
-8.360292,30.700554,AOUFTOUT NIZDAR
-8.282465,30.77853,OUILZANE
-8.331282,30.721306,TIGHAMI LAAFIT
-8.281122,30.843534,TIRST
-8.287251,30.843825,BOUSNOUSS
-8.38627,30.761444,ASDERM
-8.486776,30.77486,FARNAT TAOUINAKHT
-8.470708,30.750257,TAGADIRT ACHBAROU
-8.344418,30.820753,IMITJAR
-8.421664,30.757109,AIT MAALA
-8.481806,30.837598,ASSAISS ADBDI
-8.432271,30.802256,WAWDIRNAT
-8.426078,30.804355,AGUERD
-8.415742,30.849579,"TIZI N""OUARG"
-8.392797,30.848607,AIT TIYOUGA
-8.441369,30.623062,AIN CHAAOUI
-8.447233,30.677365,"PROJET AGRICOLE DE L""OFFICE REGIONAL DE MISE EN VALEUR AGRICOLE"
-8.455561,30.702608,OULAD FARESS
-8.407796,30.619689,AIT SALAH
-8.322248,30.62273,AIT YOUSSEF
-8.829946,30.941548,IGHALMISS
-8.554372,30.677011,IGHIL IAZZA
-8.680661,30.731765,AGUERD
-8.622291,30.683538,AIT ZEMMOURI
-8.578534,30.664328,TAZIAT
-8.536306,30.633152,SRANINE
-8.202105,30.718535,OUAMSLAKHT
-8.216942,30.738367,IRK NIZDAR
-8.242013,30.696629,EL FARFAR
-8.26311,30.671626,AIT DAOUD
-8.173082,30.675076,ASGOUN
-8.167922,30.69151,AIT MOULAY ALI
-8.196816,30.686381,ISGANE
-8.18,30.670285,ADOUZ
-8.618517,30.808393,AMATITRE
-8.607038,30.842063,TASDOUTE
-8.620888,30.855351,TICHAKJI
-8.599567,30.80797,TAZELLOUMT
-8.554617,30.818066,TAZLIDA
-8.554474,30.838397,TOUGALKHIR
-8.668793,30.839378,FIYIL
-8.659806,30.824861,IMANARANE
-8.672728,30.752302,TARGANT
-8.54187,30.715584,"TALAT N""HAKKI"
-8.612664,30.751743,TIFERKI
-8.526076,30.683318,ZAOUIAT IHCHACH
-8.138953,30.862301,TILMASLANE
-8.121315,30.749257,ZAOUIAT BAABALLI
-8.419349,30.833995,TANZAD
-8.436513,30.632667,JERADAT
-8.181658,30.672819,TIMLILT
-8.656034,30.759564,AIT NACER
-8.678672,30.84299,ANNELIF
-8.756199,31.141232,TAL INTE
-8.778178,31.218956,ZAOUIAT SIDI ABDELLAH
-8.647734,30.935525,IGHEL MELLEN
-8.673669,30.93651,ZAOUIT SIDI LAHCEN
-8.450753,31.476529,AYAD
-8.584512,31.395118,IS BOUYA
-8.501931,31.48383,LBARGHOUT
-8.451071,31.498622,SIDI BELKHEIR
-8.6867,30.996708,TALMODAATE
-8.71804,31.383164,OULAD SIDI ABDELLAH
-8.736508,31.366153,LAAOUMER
-8.629975,31.412561,AHL LAHRIMA
-8.661077,31.424228,RWAFIA
-8.86126,31.091871,AGROUTANE
-8.831882,31.136861,BOUIBAYNE
-8.814279,31.133345,IGUERNE ALI
-8.855269,31.108418,TAJJOUJTE
-8.630051,30.93148,TARGA OU FELLA
-8.685975,31.082719,TINOUALINE
-8.854836,31.062501,TAJAGALTE
-8.895268,31.033245,ZAOUIAT TAMAROUTE
-8.881378,31.04806,AREG
-8.733681,31.075543,ZAOUIAT AMERNE
-8.689891,31.013177,TANSMAGHTE
-8.698161,30.980152,TASSALLI
-8.653425,31.00214,ZAOUIAT ASSATIF
-8.824545,31.261813,LALLA ARIBA
-8.848968,31.217734,TOUKHRIBINE
-8.840412,31.211096,OMACHFAL
-8.859798,31.229968,SKAYKIMA
-8.88834,31.188559,IMINLAINE
-8.777193,31.173091,TOUZOUMTANE
-8.80083,31.191031,TALILITE
-8.876901,31.173182,IFRI-MOUSSA
-8.89546,31.181462,TAMALOULTE
-8.817954,31.061923,AMESKERDAD
-8.789249,31.119497,BOUTGHADINE
-8.787785,31.14313,TABRAD JOTE
-8.786999,31.126557,TAMAZDAKHTE
-8.410625,31.132559,TAGADIRTE
-8.444279,31.108782,ARGUE
-8.499642,31.128444,IGHAZ
-8.489605,31.126179,TIDARGUINE
-8.479176,31.172598,TALATE ILAMTI
-8.430833,31.147657,TIKHTE
-8.427117,31.140478,TIGHOULA
-8.492355,31.149964,ASAYSSE
-8.48508,31.313171,AIT ABAYADE
-8.463788,31.294664,DAR AKIMAKH
-8.441726,31.2675,TAFROUKHTE
-8.431029,31.257261,AJMANI
-8.671888,31.15108,ZAOUIAT LMSID
-8.756397,31.237819,TAGHAROU
-8.763884,31.231636,ZAGHO
-8.762936,31.221108,TIGOUDAR
-8.632953,31.116897,ADOUZE
-8.647799,31.113696,AIT WAGARYANE
-8.669727,31.120941,TADDARTE
-8.276253,31.408304,LMKHALIF
-8.360239,31.488223,HMED SALEM
-8.377012,31.500473,AIN LHACYA
-8.620043,31.141184,TISSA AKHTE LJBAL
-8.431728,31.410822,AZIB MILOUD
-8.391226,31.411695,MOUKARA
-8.316625,31.433601,TAOUILOULTE
-8.384372,31.404791,AYT ABDELLAH
-8.378649,31.340859,LAMRAMDA A GOUMAD
-8.439676,31.325523,ZINBITE
-8.433173,31.355366,IGHIL
-8.424815,31.338384,TALAQASSAME
-8.554485,31.056105,TALADDAMTE
-8.474363,31.056874,AGARZRA
-8.462173,31.052461,TINZZIMINE
-8.528719,31.079326,IGARWATE
-8.510345,31.368277,ZAOUIT MAJJAT ELTAHT
-8.505734,31.378276,OULAD AISSA
-8.520407,31.364048,AIT BARRAYSOUL
-8.518927,31.332433,AZARRABOUK
-8.585703,31.351382,CHORFA
-8.599563,31.376808,LMAKHIKA
-8.503644,31.444059,AIN SI HMAD
-8.606754,31.406976,AGNOUATE
-8.497915,31.47854,LISSAOUI
-8.50766,31.490582,ALI MASSAOUD
-8.586498,31.288956,BORG ROMI
-8.565454,31.238338,IGEER NDAJI
-8.565984,31.229617,"AGADIR N""AIT LIHAR"
-8.578052,31.186362,TISSILI
-8.586157,31.320307,TIWOCHI
-8.533823,31.300402,TIGAMMI OU MGHAR
-8.514266,31.277828,TAMATOUSTE
-8.557371,31.267635,TAOURIRT AIT LIHAR
-8.534046,31.288313,IKHRAZE
-8.483779,31.247375,AGADIR LAJDID
-8.520363,31.241211,LMERS
-8.49239,31.242369,AIT MANSOUR AIT ROUMANE
-8.517505,31.233149,AIT SAID
-8.65184,31.226842,ALOUGOU
-8.664566,31.20053,TALIWINE
-8.687275,31.240988,IRIQ FOUKANI
-8.660508,31.256689,LBARJ TARKOUNT
-8.652525,31.260376,LBARJ AGHARGAR
-8.62682,31.19386,WIJDDANE
-8.662073,31.196434,AGNI
-8.606401,31.229785,LAAWINA
-8.614178,31.215842,SMAGENE
-8.606244,31.214756,TAGOUDA
-8.578311,31.19618,AIT YOUSS
-8.6064,31.244729,OUZZA
-8.621461,31.266272,IGHZ ENIZGARENE
-8.759056,31.35699,BOUAANFIR
-8.728627,31.30653,LAKHLALAT
-8.76925,31.3252,OULAD ABDELMOULA
-8.828042,31.285619,LAGHSSASSLA
-8.779332,31.279536,LAKHLALTA OULAD ALI
-8.804862,31.320696,OULAD SOULA
-8.469497,31.001128,AZARZOU
-8.492319,31.030735,TANAMARTE
-8.414749,31.125815,ZWALIL
-8.658444,31.409348,ZAOUIT HAJ SADDIQ
-8.848023,31.240733,DOUAFA
-8.789855,31.054718,TOGL KHIR
-8.816663,31.07578,FOUMAZIR
-8.645851,31.241546,IHCAINNATNE
-8.753772,31.229125,TLAT GUIZOULENE
-8.650726,31.19864,AGADIR NSALAH
-8.757048,31.195357,TLASSE
-8.597677,31.225242,ZOUI AIT SIDI AHMED
-8.683197,31.202648,AGDAL
-8.651614,31.221176,IMOUDATOUGUE
-8.603298,31.223543,LAHADDADA
-8.494221,31.310209,LWALJA
-8.544145,31.268986,TAKNZA
-8.559703,31.238235,TIGHLLINE
-8.520823,31.236755,IBACHANE
-8.550663,31.296827,WARARE EL FOUYKANI
-8.550984,31.30473,WARARE TAHTANI
-8.355964,30.983203,TIRKHTE
-8.300833,30.973685,AMSKRAJANE
-8.268157,30.988434,OURZDDINE
-8.318461,30.988391,TIGARTE
-8.258987,30.994215,TIMIZAR
-8.24807,30.945082,GOUGTEN
-8.133748,31.026863,ARKTE
-8.152092,31.000586,AGADIR OU MLIL
-8.100814,30.963305,EL MAKHZENE
-8.089152,31.023231,IDSIAR
-7.995658,31.349088,IKOZOULENE
-7.98527,31.332233,TAOUIRIRT
-8.046109,31.341841,TABIA
-8.334797,31.23073,TADCHERTE BARAGHA
-8.349025,31.097739,ANAMROU
-8.369998,31.106357,LAMDINATE
-7.975889,31.240085,TAMASSITE
-8.12267,31.229357,TAGADIRTE NAIT YASSINE
-8.10893,31.221953,TOUGRAMANE
-8.081924,31.29319,AGUERGOUR
-8.136747,31.422203,IMARINE
-8.078833,31.400809,TAWARDA
-8.084398,31.358602,TIFRATINE
-8.231748,31.267488,AIT ABDESSALAM
-8.011357,31.259454,ISGANE
-8.167269,30.970747,TOUKHRIBINE
-8.171082,30.980998,TALAT NYASSINE
-8.053856,31.330823,AIT M'HAMED
-8.051077,31.332596,IMZDERNE
-8.290365,30.898831,TANAZZATE
-8.279774,30.916131,AIT MAKRAZE
-8.273136,30.930009,TIMSALE
-8.258652,31.00813,OUKHRIBNE
-8.079487,31.174826,DERB WIRGANE
-8.070527,31.170005,AGNI
-7.986734,31.144432,AIT HARBE
-7.984548,31.146114,WAWGMOUTE
-8.180785,31.101259,TIZI MLIL
-8.212723,31.097947,TIGARSALTE
-8.190925,31.067406,TAWRIRTE
-8.195107,31.069459,ANAMMER
-8.273432,30.972867,IZARRANE
-8.155832,31.013931,OUTAKHERRI
-8.159331,31.01254,AMGHRAOUNE
-8.132799,31.034539,TARGA
-7.901114,31.170732,AMSSAKROU
-8.393804,30.89915,LAMKAYAT
-8.349535,30.908179,BOU GHAZIR
-7.980842,31.250053,ASNI CENTRE
-7.986221,31.254382,LAARAB
-8.29531,31.253628,LAMHALLATE
-8.308287,31.234172,AIT BARGHOUSSE
-8.300899,31.214239,IGHIL
-8.310583,31.210695,AIT MHAND BRAHIM
-8.217968,31.27423,AIT AMARA EL BOUR
-8.200333,31.260048,TACHEBIBTE EL QABLANIA
-8.184422,31.277944,ASGOUN NAIT KHALD
-8.173153,31.282108,SOUIR
-8.057352,31.306783,RAKDOU
-8.109403,31.204527,OUCHFILANE
-8.134094,31.230288,TIDMITE
-8.119468,31.241,TAWAZZARTE
-8.329849,31.221109,ADDAR BARAGHA
-8.364528,31.285305,AGANZA
-8.342736,31.280533,LFITE BARAGHA
-8.368129,31.221843,AIT BOURD
-8.277933,31.080539,TINZAROUINE
-8.273698,31.078331,TAMALOUTE
-8.282821,31.060769,TAZAGUATA
-8.378803,31.105925,AIT DAOUD
-8.181942,31.209721,AMGHRASSE
-8.153069,31.207261,TAM SOULTE
-8.133306,31.205312,TAZA TOURTE
-8.267718,31.215039,WADAKER
-8.768,30.807758,IGOUNANE
-8.713537,30.740971,TASDMERTE
-7.987543,30.886625,TAGHOUGALTE
-7.975312,30.899064,TAMMAJOUTE
-7.940822,30.950114,TIQUI
-7.916518,30.977615,IZAGGUENE
-7.887964,30.962522,TAGADIRT NID AMMOU
-8.817797,30.950379,AIT YAHIA
-8.806977,30.909617,ANKOUTOUFE
-8.79504,30.870451,TAMJLOUJTE
-8.431359,30.849481,AGHRI
-8.338747,30.845037,AIT LAHSENE
-8.480246,30.842173,TAMSOULT
-8.427797,30.805854,TAWYALT
-8.048513,30.742168,TADDARTE
-8.096935,30.786189,MADETTE
-8.087376,30.727144,BOUTOUGA
-8.05097,30.725989,AOUFOUR
-8.139083,30.723215,DDERBE
-8.138648,30.764885,AGUERSSAFFENE
-8.381037,30.615874,AIT BOUMASSOUD
-8.361353,30.627706,TAMZAGT
-8.596522,30.801777,TIZARATINE
-8.572356,30.861149,AGHFERGA
-8.619145,30.846239,MENZANIT
-8.616626,30.826645,ADEQUI
-8.621263,30.770899,ZAOUIAT EL MADAADANE
-8.580148,30.76786,TAGHWACHT
-8.585444,30.750942,TIZNIRINE
-8.555343,30.719888,EL MAKHZEN
-8.52407,30.743872,TAHANDOURT
-8.514765,30.781354,ZAOUIAT LALLA RKIA
-8.475601,30.770318,ZAOUIAT SIDI IGUERBZIZ
-8.455373,30.762017,IFASFASS
-8.362433,30.828236,IRKOUNT
-8.351368,30.825601,TINGLIANE
-8.379268,30.759962,TABOUTABT
-8.390594,30.753248,LMATMOUR
-8.276025,30.752819,AIT AMER
-8.291563,30.849141,AIT MAALA TAMTMAZER
-8.281604,30.784498,DOU ISKLE
-8.348492,30.771529,TIFERT
-8.304301,30.712077,BIDGUANE
-8.315535,30.724173,AMROUZ
-8.34995,30.725533,TABARBOURT
-8.350203,30.705764,AOUFTOUT N-OUFALLA
-8.323844,30.686603,AIT HALLI
-8.680813,30.84867,TAWRIRT
-8.665401,30.821364,ANDIL
-8.685124,30.820483,TANAZRAR
-8.652699,30.808392,AMARCHIH
-8.672556,30.774666,TISSOUGANE
-8.675268,30.747912,ZAOUIAT TAFILALT
-8.076565,30.887067,IMIN-TISLIT
-8.101233,30.882063,IGHREM
-8.244486,30.801312,SIDI ALI OUBRAHIM
-8.265758,30.815986,IMERGUENEG
-8.136312,30.878489,TIGUICHT
-8.145076,30.877528,ZAOUIAT SIDI MOUSSA
-8.116919,30.858276,TALAT N-DARAMMANE
-8.219713,30.895629,TAMAROUT
-8.19086,30.849209,AGLI
-8.236469,30.752938,TAGADIRT NBOUHAMOUCH
-8.166474,30.702729,TYERGH
-8.237528,30.687559,TAGADIRT NSIMMAD
-8.268867,30.685018,IMLALEN
-8.536349,30.670263,AIT JEDDI
-8.337707,30.61687,TAFELLOUNT
-8.290622,30.653033,AKSIMEN
-8.256607,30.674971,ID BOUHO
-8.264318,30.659426,DEHRATE
-8.239864,30.67079,TIGMIDARTE
-8.210511,30.667215,AMARI
-8.168756,30.65621,TAGARGOUSTE
-8.186761,30.683151,"AIT M""HAMED OUALI"
-8.180519,30.691345,TAMDGHART
-8.163648,30.682226,AGADIR NOUSSAKTI
-8.711614,30.755418,AZQUER
-8.155794,30.883493,TAMSALLOUMT
-8.065373,30.893494,AFFALLA NOUFRA
-8.118269,30.757642,"AGNI N""BAMASSOUDE"
-8.293435,30.720338,BOUID-OUGHANE
-8.32012,30.73657,ZAOUIT SIDI WAZIZ
-8.43231,30.765453,TAMOUMANT
-8.420304,30.822675,AIT OUBLAL
-8.445489,30.701926,ZAOUIAT SIDI ABDELLAH OU MOUSSA
-8.39261,30.6169,AIT YAHIA
-8.848776,30.87078,TASGUINTE
-8.529013,30.668898,TADOUST
-8.660212,30.70826,IMOUZROU AGOUMADANE
-8.224278,30.695359,ZAWYAT SIDI YOUSSEF
-8.292009,30.6458,IHBABENE
-8.150658,30.690415,TAMGOUT NOUZROU
-8.604433,30.835515,IMERGUENE
-8.665543,30.795645,TALAT NBITALJANE
-8.512445,30.759846,TILEKANT
-8.350101,30.843165,AGHLLA
-8.510142,30.781844,TOUGOUKHT
-8.840013,30.853274,TAJELTE OUFELLA
-8.518738,31.338144,AIT LARBI
-8.564963,31.453787,DRIAA MOUSSA
-8.413902,31.459327,AZIB LAWAD
-8.424278,31.431477,AZIB TIHOUNA
-8.315718,31.236252,TIGRAR OU FELLA
-7.880208,31.157365,TIN GHORINE
-8.402924,31.277735,LMAARADE
-8.402838,31.25513,FETINA NAIT ALLA
-7.976743,31.329162,TIFZATE AIT SKKOUTE
-7.976059,31.336605,DAR AIT ZAOUITE
-7.988729,31.321233,ASSIF EL NAOUADILE
-8.007442,31.325453,TAGDOUATE TAHTANIA
-8.233683,30.978881,ARGHANE
-8.224558,30.982875,TINMAL
-8.226737,30.978486,TIZA GHARINE
-8.210344,30.965119,DOU TOURIRTE
-8.260289,30.934357,ARTATAYNE
-8.217683,30.947364,WIYGUITE
-8.246329,30.931084,TAMAROUTE
-8.278864,30.934834,TAGMOUTE
-8.207931,31.062856,WARTI
-8.140371,31.106474,IGHRAME
-8.157551,31.112728,WAKHAFAMANE
-8.182992,31.129788,AIT CHARRAH
-8.135913,31.05105,IGUER NKOURISSE
-8.130154,31.053507,TALAYNTE
-8.126688,31.090288,TLATE NASSE
-8.098466,31.017132,IGHREM
-8.379606,30.991692,TANFGUIKHTE
-8.377194,30.978478,TAMZMAMANE
-8.352285,30.987736,ASLOUNE
-8.361565,31.011247,TACHAKCHTE
-8.300487,31.262756,LAMHITA
-8.484117,30.89398,AMSIWI
-8.440795,30.895607,IMLIL
-8.456088,30.920423,AMNDAL
-8.171595,31.36632,TAIEZELT
-8.161498,31.334433,MAKHFAMANE
-8.317578,31.227117,AIT SLIMANE
-8.327286,31.23013,ZAOUIAT WAZARNE
-8.100346,31.254054,TAGHANCHOTE
-8.252806,31.277003,ZGAGMA
-8.255262,31.284618,TASSENNA
-8.376766,31.366707,AIT LAAOUER
-8.126705,31.245697,IMASKR
-8.103064,31.366449,AKHLIJ
-8.135766,31.361436,AMZOUGH
-8.163648,31.345848,OUAOUIZELT
-8.304622,31.166197,TIZGUI OU BLAIDE
-8.330283,31.161114,TOULGUINE
-8.393542,31.152313,AIT OTHMANE
-8.384982,31.161179,DOU OUZROU
-8.258744,31.211858,TIMSSOURINE
-8.253424,31.182453,AIT OUZKRI
-8.258588,31.172003,TIZGUE
-8.252473,31.156913,IGUARDANE
-8.145239,31.230431,AGHBALOU
-8.156088,31.248357,TALAT N'TGHARAST
-8.170757,31.229854,TIZI SABTARA
-8.135377,31.447987,AGADIR CHEMS
-8.766418,30.767244,ASSAKA
-7.981466,30.847897,TAZZOUGARTE
-8.017641,30.852278,TAWRIRTE
-7.96914,30.909426,TASGUINTE
-7.946875,30.913676,ANROUYE
-7.948702,30.955261,AZROU
-7.924988,30.965287,TIRIRTE
-8.8594,30.917356,TAGHZOUTE
-8.775302,30.914657,TIZZA
-8.824891,30.862727,AMASSA
-8.854846,30.857846,KAIKTE
-8.38494,30.841852,TAMSOULT SOUAL
-8.409559,30.858161,"IGHIL N""OUARG"
-8.327738,30.853435,AIT BOUKHZIR
-8.449484,30.814152,TANBDANT
-8.426272,30.799468,AGADIR LJAMA
-8.426935,30.796011,IMOUZEZ
-8.084427,30.792377,IGHILE
-8.144719,30.718599,TASDRAMTE
-8.145503,30.697318,CAFE NAIT ALI
-8.138878,30.801645,TAGOULMTE
-8.113876,30.752692,AGHBALOU
-8.382368,30.613267,AIT HAMED
-8.36113,30.649335,TALAT NTAYOUT
-8.387365,30.625967,AGHBALOU
-8.57271,30.788093,KMA
-8.581982,30.862947,TADDART
-8.623282,30.856528,TARKOUT
-8.621975,30.843816,IMASKER
-8.625347,30.772485,IMZINE
-8.645097,30.743164,ADDAYA
-8.561874,30.698941,ZAOUIAT SIDI BOUZAID
-8.5545,30.7239,TOUZOUMTANE
-8.505087,30.760003,ZAOUIAT TABGOURT
-8.51079,30.790067,TOUDMA
-8.491267,30.78194,IGRANE TAOUINAKHT
-8.363997,30.840876,TARGANIZRANE
-8.381557,30.789022,TAJGALTE
-8.368816,30.761274,ZAOUIAT IGUERD IGHIL
-8.387577,30.764941,TAGADIRT NTAFINGOULT
-8.288875,30.852539,IGHIRA
-8.27435,30.803361,AIT YOUB
-8.34044,30.784579,TAKOULTIMT
-8.30485,30.721832,TAGADIRT NIDALANE
-8.321694,30.726837,AGOR AGUINE
-8.348131,30.716656,START
-8.321707,30.680383,AZAZZI TAGHLAMT
-8.293371,30.660501,"TAGADIRT N""OUDDIZ"
-8.668756,30.835188,TAWART
-8.690688,30.824108,TASSILI
-8.682633,30.817141,FIGRI
-8.66868,30.801726,TAOURIRT
-8.680675,30.770868,TAGADIRT
-8.023474,30.784468,IMIDER
-8.014491,30.801321,MLILLATE
-8.073329,30.89514,TARGAN-OUFRA
-8.148066,30.892261,AIT ZAKRI
-8.122175,30.861296,TARGA N-TAHMIT
-8.097214,30.860299,AGDIM
-8.17981,30.890714,TAKOURDMI
-8.444683,30.621295,OULAD HESSANE
-8.390134,30.671077,OULAD DRISS
-8.529076,30.639514,OULAD MELLOUK
-8.535686,30.637681,AGADIR HAJ HAMMOU
-8.177053,30.704371,TAHCHMOUMT
-8.233212,30.690954,AIT OUAOUDACHT
-8.227556,30.688467,ID HAMMOU
-8.554972,30.68215,CASLAB
-8.506095,30.64668,AGADAL
-8.305266,30.640766,AIT HRIROU
-8.244323,30.66106,TIMIKRTE
-8.235097,30.670226,TASGHRLIT
-8.184269,30.680324,ZAOUIAT SIDI EL KORCHI
-8.173764,30.689764,DAR JDIDA
-8.170554,30.675568,ZAOUIAT EL BOUR
-8.020292,30.857473,ASSAKA
-8.198281,30.884747,AIT EL KADI
-8.242615,30.845206,AIT TADRART
-8.047367,30.727003,TASSGOUNTE
-8.324352,30.71778,AIT IAZZA
-8.372346,30.762595,TIFIXTE
-8.334605,30.854097,ASSAISS
-8.369112,30.628003,TAKORZMI
-8.612287,30.682802,AIT HMID
-8.24037,30.693569,AIT IDELS
-8.152629,30.67808,AGUERD JDID
-8.571864,30.856896,WAWZRAKT
-8.615987,30.839785,MEGDOUT
-8.548354,30.756768,IDA OU BLAL
-8.523325,30.790494,TINEGHLAT
-8.10851,30.739036,IHOUZINE
-8.473022,30.679573,CHRAIRE
-8.59209,30.81454,TALTA
-8.108057,30.737114,BOUMAZIRE
-8.440839,30.741766,"IZANKAD N""TARGA"
-8.278722,30.669037,SERHANE
-8.281501,30.819495,IFRI
-8.138769,31.201685,IMINTALAT
-8.19996,31.200262,AGNI
-8.182679,31.197641,ANFAG
-8.155382,31.199644,AIT BOUBKER
-8.261091,31.20341,AGADIR NIFSKANE
-8.242571,31.170926,AIT HAMD
-8.270061,31.129279,IMIN-TALA
-8.263504,31.095156,IMIOURMARE
-8.278873,31.073149,ADARDORE
-8.320374,31.106321,ATNIRITE
-8.406195,31.176299,TIFARTE
-8.401624,31.257309,IMIKI
-8.342774,31.243395,TOUGHZA
-8.360511,31.265161,TAZADINE
-8.384894,31.22393,ALGODE
-8.139474,31.288495,AGADIR SBAAI
-8.060087,31.318827,AIT KHALD
-8.073779,31.291257,WIZELNE
-8.110559,31.22388,AOUAZZARE
-8.07782,31.266564,SIDI BOUNAGA
-8.258128,31.28089,AIT CHTIA
-8.266753,31.280672,AIT RZINE
-8.374147,31.369278,AIT ABDENNOUR
-8.207526,31.263565,TACHEBIBTE CHATOUANIA
-8.265431,31.244267,EL KARNA
-8.256404,31.261782,SIDI LAHCEN OU HMAD
-8.315895,31.229633,AGGUIWANE
-8.312482,31.23859,ASSAMMAR
-8.286216,31.209394,IGHAZRANE
-8.30749,31.228514,AGADIR LAJDID
-8.324014,31.24334,LAKHMISSE
-8.479034,30.893426,TAWRIRT
-8.410037,30.918242,ANARGHI
-7.965748,31.257481,ASSALDA
-7.975277,31.223986,TANSGHARTE
-7.942425,31.157108,MATATE
-7.887902,31.165752,IKISS
-7.92155,31.239901,IFGHANE
-8.372559,30.99739,TAMSOULT
-8.331822,30.983513,ALOUSSE
-8.286913,30.977067,IGHIL
-8.148662,31.016099,EL HNAINE
-8.090078,31.019638,AIT ZEITOUNE
-8.012391,30.99828,AGADIR INMZAL
-8.029627,30.968617,IMSLANE
-8.052268,30.935015,TIGDIDE N'OUFELLA
-8.22133,31.098202,SAMGHORTE
-8.15661,31.105643,OURIGHE
-8.049005,31.074042,IGHRAME
-8.089083,31.105825,AZEMOUR
-8.032887,31.184377,MARIGUA
-8.028948,31.168186,TASSA OUIRGANE
-7.984382,31.133464,TIZI ZOUGGARTE
-8.2737,30.933477,ISKALEN
-8.270226,30.941076,TAOUSS
-8.321532,30.922468,OUKONE
-8.280446,30.925627,MCHADIL
-8.238932,30.968809,IFOURIRNE
-8.190618,30.984276,TASSAWANTE
-8.206087,30.964244,TAGADIRTE NOUMIOSSE
-8.220144,30.955564,ZT TASSAFT
-8.166555,30.968171,AGADIRNE
-8.041496,31.347021,TOUKHRIBINE
-8.02417,31.378148,AGADIR N'TASSAOUT
-7.959844,31.319113,AGHRZARANE
-8.010843,31.297745,ASFLALLA
-8.09699,31.396137,TIWLI
-8.126806,31.397808,TAGUENZA
-8.078234,31.28372,TIMICHA
-8.163163,31.234813,IGHIL SDIDEN
-8.357435,31.360909,OULAD BOUBKER
-7.920437,31.186767,ARG
-8.341504,31.249147,ISSGOUFA
-8.320031,31.183934,ADGHOUSSE
-7.991894,31.165947,AZARFSANE
-8.274529,31.084315,KATTO
-8.265355,31.148618,IMI ISLI
-8.289449,31.221781,AIT MATTATE
-8.037911,31.353099,TALAMOUMEN
-7.996704,31.301654,ARGNINE
-8.207642,31.102899,TAGHZOUTE
-8.132517,31.108066,IMIDALE
-8.142672,31.034939,INADENE
-8.101985,31.023202,IGUIDI
-8.090449,30.970083,TIJGHICHTE
-8.492323,30.899611,TOUYALINE
-8.386681,30.895426,WIDRARANE
-8.207354,30.974332,TIMLILTE
-8.245365,30.976272,TAZALTE
-8.174473,30.999975,TIKIWTE
-8.275432,30.963942,AMARZGANE
-8.278788,30.968019,BOULAHBAK ALMODAA
-8.084837,31.392473,HJAR
-8.511041,31.242033,WAOUSAKHTE
-8.573201,31.231516,TIMZOUGHINE
-8.584482,31.293586,TAZARINE
-8.474976,31.242096,LAJMAR
-8.496044,31.247127,AIT MANSOUR AIT ALI
-8.583718,31.228429,AIT WARDASS
-8.68442,31.167581,AGHLANE
-8.74098,31.205986,ALBRI
-8.732006,31.248144,ARZIWANE
-8.797046,31.197877,BOULAAOUANE
-8.761294,31.070802,AMASSINE
-8.84684,31.233068,LAKSIBA
-8.696434,31.403848,"SIDI M""HAMED DALIL"
-8.65418,31.325512,OULAD ZAOUIA AGADIR JDID
-8.57478,31.037528,TOURAB
-8.532394,30.994787,ANGOUKHTE
-8.69294,31.282538,OULAD AISSA
-8.708559,31.343238,SAIDATE
-8.599752,31.222018,EL ZOUT ENNAHLIYA
-8.597258,31.229514,AIT ALI OU MHAND
-8.608845,31.209276,ZOUT TAMRBOUHT
-8.583875,31.222151,AIT BRAHIM
-8.608616,31.178946,AIT DAOUD
-8.59176,31.168807,TARGHOUNTE
-8.637582,31.198281,IOUFINE
-8.539759,31.310935,CHWIHIYA
-8.513079,31.286201,EL HAMRI
-8.486,31.241291,AIT OU HALLOUF
-8.507956,31.259768,TIHOUNA
-8.517304,31.248384,AIT BEN IDAR
-8.560183,31.274514,TAOURIRT TIHNAWINE
-8.541441,31.256879,IFANSA IHOUZINE
-8.552282,31.226964,TAWORGH
-8.56488,31.232659,AMALOU
-8.561903,31.490067,ZOUALI
-8.58602,31.429622,ZAOUIT SI SAID DAM
-8.52313,31.44337,BOURAKBA
-8.535557,31.471121,LARAWIYINE
-8.513462,31.356115,ZAOUIT MAJJAT EL FOUK
-8.594275,30.971622,AWFOUR
-8.589293,30.981757,AZROU MELLENE
-8.462662,31.046499,IZNOUNA
-8.342937,31.379761,TAMAGHLLACHTE
-8.403484,31.367981,TISSIRA
-8.384109,31.388974,TAMAZOUZTE
-8.402116,31.41452,AIT WARIGH
-8.387286,31.409856,AIT HAMMOU
-8.337332,31.39769,LABOUBATE
-8.294535,31.407093,FRIZANE
-8.73636,31.240091,AGHFAY
-8.735711,31.246798,AZGAR
-8.761879,31.244895,ASSARSIF
-8.746248,31.25573,IMIL MACHRAA
-8.770233,31.216432,BOUZDOUD
-8.461053,31.287447,TALMADATI
-8.780989,31.229868,AGADIR INFLAS
-8.453543,31.307731,TBOUNOUT
-8.408502,31.23594,TAMAGRA
-8.493073,31.156903,TALBORJITE
-8.42177,31.123733,ANAMMAR
-8.488,31.130595,AZMOU
-8.510942,31.106393,TAWRIRTE
-8.894917,30.962874,TINOUMARTINE
-8.775657,31.060935,TIMESKERTE
-8.803135,31.084884,TIGOUMANE SKARATE
-8.801544,31.180907,ILOUDJANE
-8.842682,31.198559,TAGHAJJAJTE
-8.735594,31.058661,ADARDORE
-8.721055,31.116138,TIMSALE
-8.719017,31.001001,OUSSIKIS
-8.84915,31.065594,ALMS
-8.912654,31.060708,OUALGGO
-8.697968,30.95877,AGUERS AFENE
-8.744136,30.938094,MTILI
-8.715776,30.921526,OUZAGA
-8.656952,30.932678,RARKTOU
-8.848239,31.129163,IZADDA
-8.865589,31.130201,IKADOUNE
-8.90423,31.088091,ZAOUITE MAARDE
-8.659971,31.293509,AZIB LAHRACH
-8.877322,31.131326,TAGADIRT NTLFIRTE
-8.624641,31.36347,LAKSIBA
-8.279294,31.379246,AL JORF
-8.443159,31.257618,DAR NAMS
-8.432214,31.248324,TALOUTIMTE
-8.67946,30.923377,ASSIF LAHLOU
-8.705423,30.951848,AIT ZMLAL
